Temperature,Humidity,Soil_Moisture,Rainfall,Crop_Type,Irrigation_Required,Crop_Health
36.90595560191967,56.76140001582522,40.452421784669895,50.07696601120322,Cotton,0,Poor
28.694385247753637,80.8277461680685,46.444958123156056,199.91119652739832,Soybean,0,Good
26.77008721087791,48.14461933884693,60.4227439667474,4.577281112676412,Wheat,0,Poor
15.756858444672016,61.70274984320235,59.957666118503916,8.623562216782377,Soybean,0,Poor
29.79436174396236,86.7435467139191,26.293944250467348,169.8784128578247,Rice,0,Good
35.576716902039706,42.82941000626213,40.823161488790646,4.28394172603046,Wheat,0,Poor
38.43246189440906,36.73882440735444,45.862409385360245,91.8100655322029,Cotton,0,Poor
30.965216605232847,88.69910927118849,36.637333616398955,145.13549139433707,Rice,0,Good
24.979581305027924,56.28326319210849,28.542535701771794,80.31722364970256,Rice,0,Good
34.941141771790875,60.87771328623107,76.80269106543645,73.6833083420755,Corn,0,Good
15.26637967247006,67.25708903329533,79.08129976281131,34.1143328327616,Soybean,0,Good
22.09176497184558,87.5165868141172,37.356656080704816,118.65306650735477,Rice,0,Good
31.747674732684427,50.10072191507581,62.736073407052004,14.554828229296923,Corn,0,Poor
35.44286238313204,32.16083298320018,58.231994416731865,0.48703176056486,Soybean,0,Poor
17.66057298453063,71.19961559638713,74.20683142781488,46.67492622442124,Wheat,0,Good
32.15653689600349,68.00861109228458,52.269820774935845,1.0065607292722545,Corn,0,Poor
18.79683670131057,59.26422112933324,66.51254303088706,174.09452021770073,Corn,0,Good
38.82154336602342,84.418731619266,52.29911633254497,167.31856242805821,Wheat,0,Poor
24.782310724172294,34.853690300905036,66.6309774086915,186.01975052291326,Wheat,0,Good
17.651454431852468,60.006787970905094,19.171262644076997,114.00811281845662,Cotton,0,Poor
35.33375841060664,64.8025969760445,23.60844577750474,126.35401693823395,Rice,0,Poor
27.01251097465921,74.57611245129559,32.07454014450627,107.29122788047447,Soybean,0,Good
29.948434644292142,44.01319711660119,63.390508477027645,114.55420043695723,Cotton,0,Good
34.77523105106583,37.96616039086683,43.803366376585195,37.83868990360211,Corn,0,Good
39.1994000753349,87.35880365429148,53.94634400021507,169.77365046883136,Corn,0,Poor
22.094232962480774,52.43168388840424,19.95053850727148,27.988353602809468,Soybean,1,Poor
20.8783668184528,66.26865407451942,45.05918732477675,65.83406198214388,Soybean,0,Good
36.41445148019905,82.58068435498559,13.71645252493984,27.492053153704333,Cotton,1,Poor
30.575866162119855,30.212422328615457,21.910626316773687,195.55510548331893,Rice,0,Good
26.109638653368304,89.33840903266275,28.124805562668435,99.71960280195084,Cotton,0,Good
20.020813993132528,77.35204040139271,25.62196901403726,102.94609563149852,Corn,0,Good
23.065525692742472,73.82007538187011,58.42281377305105,106.36210087989282,Wheat,0,Good
17.363555432014792,78.23623119123052,53.67004758244288,177.81417311034738,Wheat,0,Good
25.705632464552174,80.37077144838304,71.2953231402569,55.61243301452847,Cotton,0,Good
26.926222133954955,79.11304844099475,39.36860705083596,60.75027208441666,Soybean,0,Good
21.761101638892832,37.25433725116655,54.527533817281835,22.93625790153879,Wheat,0,Good
32.006154074077855,55.32583899922446,39.37497046321975,103.43691960940167,Cotton,0,Good
23.090509539421546,32.38326359203248,61.825392429791684,159.010592567494,Wheat,0,Good
29.433062211651926,78.6620904320168,76.98075539883465,136.5872657573059,Corn,0,Good
34.46792459246161,37.953355312718905,35.12523613823935,44.15025134622805,Cotton,0,Good
34.70721337185214,58.29640238246766,72.85191852653281,10.215362442848575,Rice,0,Poor
27.040568805188094,39.335282259105206,53.62344656092946,160.42976814367282,Rice,0,Good
39.1085863646926,49.634338048789715,77.20519352804908,165.9936248632743,Cotton,0,Poor
30.858085742425025,66.53100141732781,26.268179805464303,189.93717141574194,Corn,0,Good
29.609643627380443,30.064450474857797,71.33761360379638,108.14218398242804,Rice,0,Good
24.484256077052407,85.83870363219614,31.528042884366755,127.21076980926225,Rice,0,Good
32.2098994918003,74.0794482488823,40.30679247274668,75.02210659635094,Rice,0,Good
28.513614533795707,59.78889023791006,76.1219362039412,56.077800978290384,Cotton,0,Good
17.16564942863969,79.0920875665758,35.18084854478493,29.308354482364972,Rice,0,Good
31.951504868628096,59.132706648625124,54.285142032790816,5.204837420748842,Soybean,0,Poor
18.502514786149057,78.12341733030775,13.942283423707988,136.19776880706584,Soybean,0,Poor
30.018940104504345,52.44245659586456,30.082272373773954,30.659499915300504,Rice,0,Good
27.094552578497012,85.79684704204792,21.910149178747226,107.0639254128501,Corn,0,Good
30.812462579045643,84.57419789134133,76.78135019404796,193.2304161285498,Rice,0,Good
23.169715926529406,56.20378286279927,13.004797833148729,155.04551840439962,Soybean,0,Poor
28.194806487665325,60.34967145496935,13.752543355245756,66.03869361786874,Soybean,0,Poor
26.549578570233493,36.29280853244226,28.179276790272887,131.93323343012133,Corn,0,Good
26.298869135669253,74.25252426222058,60.91886785448063,143.5405113121244,Cotton,0,Good
24.993834037605794,53.75954522029083,32.72431946818862,117.23173407226739,Rice,0,Good
29.24117929658258,49.03339401423397,17.38780952460324,62.74443606754099,Corn,0,Poor
20.190025174616157,44.430470947843475,17.610443736184404,186.9527715091554,Soybean,0,Poor
31.746839655640784,50.73456582879639,45.71978480141608,60.558912447103694,Wheat,0,Good
23.141701846082135,83.99708485867967,77.41988960263606,144.23006719723458,Rice,0,Good
22.353712812245167,33.7039191938431,57.60818343039363,194.31218724485566,Wheat,0,Good
16.73646061816371,51.30975770030698,37.81371654055711,103.66572971825572,Soybean,0,Good
25.200547405674165,45.44871948311699,15.417129168927964,46.723466406550585,Rice,1,Poor
21.592772987301558,56.79413708538477,55.38824188478265,195.6555275869881,Corn,0,Good
31.2463600689902,73.85066407475762,70.80301872168215,13.65655616319379,Wheat,0,Poor
29.196918546159598,80.17677319290999,18.865071034430372,139.44081064118967,Wheat,0,Poor
21.285186314991243,50.355466258672635,38.88275743130816,2.8822949673714904,Rice,0,Poor
18.778337384929152,34.114645031170454,74.75388514749515,87.16011969216207,Wheat,0,Good
35.19882212271456,46.77679551503685,14.247444440690536,27.16294003468711,Cotton,1,Poor
17.412364420903064,86.83170638341517,22.490839181049807,170.7749794179152,Wheat,0,Good
31.183488721281943,60.980730066542364,57.369496341915344,191.63935686776023,Rice,0,Good
36.38706587867414,62.42557891719809,77.84447113629307,162.4660522323383,Cotton,0,Poor
32.87959666422476,57.87205133911809,42.17353627534925,117.86652769631279,Corn,0,Good
29.975562420019727,52.4184323422935,40.04815230490051,138.1894085637253,Corn,0,Good
39.57028651499293,70.15847047771523,68.81011794350736,96.55790066495823,Wheat,0,Poor
30.08849598846503,30.5663637251545,18.27577884142146,13.804872668650447,Corn,1,Poor
15.06360067960556,84.48641231545676,40.962806181525615,183.32786258514435,Cotton,0,Good
37.97542190518969,47.36963857156806,40.411189024425724,84.13308899269403,Cotton,0,Poor
30.903727642433935,88.45262658649386,26.570998313901118,8.834118918611233,Rice,1,Poor
32.1482935226157,56.954656731053234,53.513524373501326,104.19590152657341,Wheat,0,Good
36.40251055297239,39.39125153153495,14.370005343804511,134.75872891037847,Soybean,0,Poor
34.422118293920946,45.75095197178979,72.13486875094499,63.24771756992218,Cotton,0,Good
18.3116238845062,69.74283182843037,28.11369867019436,106.94686519008233,Cotton,0,Good
36.34383854024212,60.15222257261608,79.77568820515168,157.98988474071734,Rice,0,Poor
29.578846174766113,44.78534031586001,21.068612285170754,13.452710876413976,Rice,1,Poor
28.714172265672218,50.91916560655304,12.10807498108899,20.020986638041947,Wheat,1,Poor
35.25154951470698,72.49221825157602,46.1772165477991,63.73121368034098,Rice,0,Poor
17.024947304109766,65.69147563062182,77.65587105705342,72.9505079917515,Soybean,0,Good
22.68212560267225,66.98216093727677,66.5355610927954,42.130169491480714,Wheat,0,Good
30.416348234298667,71.13682251555178,10.07609177441953,5.416571080735921,Cotton,1,Poor
29.47125891087186,77.57721558154304,36.22080917670479,132.54593243473943,Rice,0,Good
21.432015097513798,72.21657591190676,34.042213817036654,47.23322615962673,Wheat,0,Good
31.006235395312533,40.03425795328371,37.43154247178739,196.72216491846262,Rice,0,Good
24.988089218685957,87.02861463222206,66.00059684665206,45.4128098729895,Soybean,0,Good
34.442849141492125,51.2741782825653,16.42216989015574,167.6833291639277,Cotton,0,Poor
34.77396577491001,83.26178951449832,61.32394460821071,72.81187658067778,Cotton,0,Good
31.911943847228304,39.08955991772282,41.71322537045647,128.24372597370177,Soybean,0,Good
36.382523194175675,64.04982965375476,47.241901516381155,157.7767355942305,Soybean,0,Poor
18.716098644015776,77.71742195116124,22.99346216209141,62.467080196064664,Soybean,0,Good
38.76329301270147,36.584985491465865,56.528473866454604,37.63845209759662,Rice,0,Poor
36.02224224873325,50.76793085555934,37.47353250311352,108.76674840622735,Rice,0,Poor
20.992939987924736,30.025601024481126,26.181059580298804,112.13013396723153,Cotton,0,Good
24.151798492725337,49.20662086980386,52.66135525514359,171.52265332839153,Corn,0,Good
16.197681793467833,86.7471444792335,33.89163250405204,108.21637040936922,Rice,0,Good
28.842585783225985,55.220517981586255,37.85235554391224,82.93349132970948,Soybean,0,Good
36.75217790130175,73.92022848634417,43.231969205440194,91.78757541022837,Wheat,0,Poor
33.61250190502838,72.24683474374598,50.25610109000787,142.46866070175443,Soybean,0,Good
36.75530681870413,70.80807311938352,65.73755274136286,41.552043882337216,Corn,0,Poor
22.380171095001785,79.8325228858395,17.501951659123872,123.42303245073158,Wheat,0,Poor
17.687069634044185,34.86623809217478,55.78540961561703,143.65854492423438,Cotton,0,Good
21.303709440941226,44.52028329755089,14.634706932911124,191.58260300434742,Wheat,0,Poor
30.514788878572546,63.68520211794465,38.524029367923674,92.15493968895095,Wheat,0,Good
23.365702039290735,81.83984780963632,71.67303924083268,97.49142856422215,Wheat,0,Good
33.738497484573706,69.26574445947008,32.640220972391326,154.74152135845085,Rice,0,Good
34.57950986153689,78.2784741397164,35.22763355809654,72.83357634066665,Cotton,0,Good
22.06293388655535,79.09088269189411,71.54736126635201,147.35592134490457,Cotton,0,Good
20.655185526098506,52.990923186635655,23.573993579633445,65.39102096349202,Cotton,0,Good
32.28079225942693,69.00344844536855,75.56682009145814,135.66241931137588,Rice,0,Good
24.76159587000118,68.16513720157263,32.5715878169123,83.97889818744177,Soybean,0,Good
20.531556747434525,71.91984725144522,23.308672710183515,33.18957304226722,Cotton,1,Good
32.976446146452474,53.8004294183576,23.020039016409402,140.89927779610593,Rice,0,Good
38.65800225977423,60.47347724207621,13.412794444717397,193.5135928287754,Cotton,0,Poor
21.98351638175346,79.51586328179567,34.18682565792807,126.4786354770169,Wheat,0,Good
15.619961390437004,41.002959663030566,56.11328784342937,158.40580646016946,Corn,0,Good
30.795316721374938,30.949687693583634,58.040564004111665,197.68967304336763,Soybean,0,Good
20.649795456877975,79.19882349714032,30.113570327640787,189.977051561696,Wheat,0,Good
35.86111010298927,62.70962295834499,13.898208055081433,189.89042648648868,Wheat,0,Poor
32.380291219719865,87.80894041083961,51.703487992105345,155.5337365259081,Corn,0,Good
38.66119478015621,37.854202980802825,43.32054201081849,166.41676669080022,Wheat,0,Poor
30.441308422480734,57.9012301822332,51.63828175526888,150.35228270416522,Soybean,0,Good
38.90802283716567,45.92193314886408,51.136678074823934,155.30907736369707,Soybean,0,Poor
20.301674750482963,79.74003346717393,64.13956719326183,174.5191805608773,Wheat,0,Good
36.30917516395312,87.5464903189235,39.89853578986772,65.0563384974661,Soybean,0,Poor
19.00941909468856,61.125774495233486,71.09045296880224,54.86454100111695,Corn,0,Good
23.584966375926935,65.0157078843486,31.703808445808555,159.86701921594383,Rice,0,Good
27.174895187294723,77.46845648842043,48.16478278916635,64.74575250866464,Wheat,0,Good
29.827599511013872,67.0419652940426,42.68247821076164,93.4996093651416,Cotton,0,Good
23.264737048163898,61.03432114029468,16.87420456126991,92.81401712738646,Wheat,0,Poor
34.43783393259892,31.25722501923566,14.281260714522741,49.86091854016155,Soybean,1,Poor
19.302820730060635,63.48975773940321,16.984732358133424,84.86095658659607,Soybean,0,Poor
27.33607931080982,69.94581502188902,75.22819313565505,92.15235702648113,Rice,0,Good
31.152886396321193,52.46231155456349,44.15748333070552,183.407334865307,Wheat,0,Good
26.61613773451753,68.79125110182508,48.38478266730905,170.4773477588301,Soybean,0,Good
37.56071276269857,47.874274313344856,54.924163656981555,25.6917667300689,Soybean,0,Poor
30.503807549772503,70.11405354907788,76.35408916497391,54.069998423204744,Corn,0,Good
18.941207775725488,81.19691717367277,65.64257010461941,171.71845746956066,Cotton,0,Good
24.311290982763445,45.17073634294008,38.478199402739904,26.928465442835183,Soybean,0,Good
34.72531851636049,84.48893916557599,22.136454455118947,182.7261099885521,Soybean,0,Good
27.449959097340106,35.457169207627615,24.92535130483993,137.6923715720966,Wheat,0,Good
31.119981009536033,66.70808343583084,64.32624032926232,15.536014383688457,Soybean,0,Poor
17.365756936677123,55.396607102982315,17.020961837977808,152.00379392710306,Wheat,0,Poor
28.65556173147591,55.906021766271266,25.620454587850034,66.99777962965389,Cotton,0,Good
18.690997721592034,44.503890357685016,56.09806625622607,24.343738913460356,Rice,0,Good
24.18740855266455,30.287259289607867,40.30732674233194,75.22688811496052,Cotton,0,Good
26.224889113235164,70.49895450711122,50.92706039970629,90.91780845291994,Corn,0,Good
17.638764841414297,48.41083381682243,27.899739967209438,141.68418385365635,Rice,0,Good
38.744992994385385,88.28100310959553,47.17665682328944,168.54583616470865,Soybean,0,Poor
34.20869410157906,75.5804072869822,15.283239638246986,41.48105881055621,Wheat,1,Poor
27.546716682518884,79.05438054331042,68.77859596451361,62.68951358692443,Cotton,0,Good
34.93628801080428,61.35352967906363,49.90212344661394,23.68879460561919,Cotton,0,Good
34.898705368567036,35.2715932064054,42.14451600432175,51.09610953754602,Corn,0,Good
33.974353917975705,73.78733459805251,52.55770679776599,121.74426787075959,Cotton,0,Good
30.362747758427382,57.60445808783753,78.11142397724109,179.17062226340005,Wheat,0,Good
18.848915421086204,68.58549002772315,49.40744675682037,117.73219183858907,Cotton,0,Good
32.68222325652811,67.00857446246422,78.24995844995532,86.99063143544159,Soybean,0,Good
33.90344006594753,84.3409993147072,53.50211563734505,109.48582493005384,Cotton,0,Good
36.653388410720225,69.28258599341206,44.46471828521109,66.51115801186359,Cotton,0,Poor
31.493287466121036,71.96417804323642,49.89397666321424,113.89502919763427,Wheat,0,Good
18.217377503574635,35.452523032065585,18.143121418710166,31.865818684690538,Soybean,1,Poor
31.565493568365973,47.53181979029573,26.332342737689704,106.16014651927132,Rice,0,Good
20.205588779238358,86.85736315884179,43.726979068178075,19.19066358687582,Cotton,0,Poor
22.350083232202078,70.74573475027188,43.92082403538323,77.27931851030702,Corn,0,Good
18.747453499132696,57.44412229856709,63.28526385240086,166.87154514822217,Wheat,0,Good
37.70192160074092,60.54453988915102,75.5791646625105,4.522746222664598,Soybean,0,Poor
28.416246986103133,40.316474254822424,15.684825953278894,178.71564305903775,Cotton,0,Poor
15.520633500727016,83.72856454595812,24.006901354179902,136.81315794294753,Wheat,0,Good
27.02165179437882,61.90479672762538,62.42087372123849,17.63078776405047,Wheat,0,Poor
36.65920722066058,61.8376870664617,17.70883565889046,2.2989354684297636,Cotton,1,Poor
21.897779172683933,65.27503907786559,59.42573694178991,112.16579174742252,Wheat,0,Good
16.488994354582694,46.684863818634156,58.32209916175465,34.03606494753786,Cotton,0,Good
29.506084957804713,48.064270499823344,24.93470948556496,85.4962068572505,Rice,0,Good
17.89251262176569,67.78460272615922,64.57914463824613,194.8943626871199,Cotton,0,Good
16.648978765745255,50.02025524467548,21.193647930710398,74.70434922744316,Cotton,0,Good
23.107862360780842,84.34035752653708,26.535026752419107,154.8056643972582,Wheat,0,Good
39.172249127889984,45.29721715780548,74.09389280374025,17.315790639511054,Soybean,0,Poor
23.6755237433723,38.3121230442175,68.93295977229579,111.77355031386153,Wheat,0,Good
18.15562555874153,81.67301932718851,36.017517709050665,160.9106570047301,Rice,0,Good
23.550362913489735,88.64185772603058,22.40140903154461,6.232320592082541,Soybean,1,Poor
18.543389496621458,54.68553425710009,25.654863564145074,96.17028659820302,Corn,0,Good
39.495010548227924,39.10501791539653,72.414380370983,100.7599051892252,Corn,0,Poor
39.55680242183669,61.74282421132182,15.795430860133376,43.63253779180927,Wheat,1,Poor
33.56052592262255,50.388910280386746,52.43534700051091,156.34526311176353,Soybean,0,Good
28.21486122606081,64.05236413559095,64.2068160538609,186.9027092400231,Wheat,0,Good
20.260008553962972,42.4712040483185,46.81948909335697,73.3908570187677,Soybean,0,Good
26.23390805896365,72.46112288635575,39.79305067856426,143.7679519199367,Wheat,0,Good
27.079410628092074,66.49121029191701,19.206775082295668,17.565884350814297,Wheat,1,Poor
19.719932129027256,34.38634767246377,11.542385321387826,143.91673200406046,Soybean,0,Poor
18.9638213266968,38.38844021315235,56.48600565848923,35.50989739515895,Soybean,0,Good
35.31800471939118,86.59115319548411,35.67638496931322,6.098110713855931,Corn,0,Poor
23.872619368869387,81.7610075105651,54.155941339685334,187.05325272726134,Soybean,0,Good
22.874486677223675,53.26799237034189,63.84480770893507,82.95579608142485,Cotton,0,Good
21.100132450681834,52.614431834727014,45.12659986922972,154.4294458684195,Cotton,0,Good
26.279913642727387,52.52215716903527,62.21656178122321,74.02630826200627,Rice,0,Good
15.148838768003381,89.07835310802683,20.272277044707604,162.82300431463452,Corn,0,Good
37.07426432227042,73.56033819962182,76.57616808400132,190.8115738114046,Soybean,0,Poor
39.37441298064374,71.23457443988664,33.52364389616287,66.07281521776125,Wheat,0,Poor
21.807304453250385,65.31857742694865,47.090849664048804,83.22076307133257,Cotton,0,Good
26.163246329078937,51.432156358419306,43.11915614671788,83.51126521841219,Cotton,0,Good
28.887732188655868,68.86750599910826,72.27836103083591,56.62260638620032,Rice,0,Good
32.26604886121773,61.238666871431306,58.2217568228234,63.6335747253024,Corn,0,Good
39.33996904869311,71.92970514267483,79.52867004539245,34.31078459222887,Soybean,0,Poor
15.861257994997397,73.92919078940773,77.4201193242525,175.25838812119798,Soybean,0,Good
25.259307692669424,46.94489809888448,57.808221757317824,106.55665644923245,Rice,0,Good
26.926551276041117,55.88809416826501,66.13941840868911,47.729829735083754,Cotton,0,Good
38.64573708111259,58.34881871137409,75.4304950330571,103.21197741316294,Soybean,0,Poor
18.015204549260076,37.02094986547459,22.24503279556118,118.2298686341658,Rice,0,Good
20.15817985228369,43.48969578489768,48.55680692905777,183.14681230400112,Cotton,0,Good
29.853392554663564,79.31517403269395,49.684766449558154,167.34948433947133,Corn,0,Good
30.96131848726383,81.0670137561595,51.37988793178693,99.32311207378561,Corn,0,Good
34.83043166114604,81.76494709874504,29.351600465841607,160.85135612883153,Cotton,0,Good
31.61991849345117,58.115370354458435,33.151522974926124,120.55637144448158,Wheat,0,Good
21.192751953323636,48.99780282686863,56.351652658573734,70.48149757330945,Rice,0,Good
23.660226594762804,86.54277930007301,25.649072040034316,158.40111350369423,Cotton,0,Good
37.20783925999661,44.87060542468241,30.816365978925933,192.8056356577978,Wheat,0,Poor
37.04981236418358,65.11294081604557,52.93071074851085,155.54287421961348,Corn,0,Poor
21.52039160830075,40.1054049448899,66.96343305517001,61.34367742453046,Wheat,0,Good
26.021816030731806,67.45221200924848,79.739767420298,155.00391640008718,Rice,0,Good
32.958722259970365,53.482011891799885,39.47968171869793,179.14968690009218,Corn,0,Good
35.87913397835176,79.72444005542104,19.027773152110257,36.758546570734275,Rice,1,Poor
29.793502161210633,43.75853879546929,73.11490151802444,2.350255276120561,Cotton,0,Poor
18.83551352609698,31.819313646820483,69.07962084562166,132.05969432977136,Rice,0,Good
22.385727655483272,82.10987653127563,70.60361401510788,129.6986612671419,Rice,0,Good
15.820681615660629,52.337703736732976,13.892134710281724,138.871701354733,Rice,0,Poor
25.209390267113285,58.29342867869281,30.249464548877405,147.00926564633957,Soybean,0,Good
26.125651928813248,54.88161315793542,41.3883638774079,28.669509299906704,Corn,0,Good
26.092030432418625,71.56299991556904,16.15948523486187,199.31604811043377,Soybean,0,Poor
34.930478472018315,48.619645774781745,35.605694034716436,65.12610210386578,Corn,0,Good
31.91151053512935,43.38243193184343,52.88976625743528,18.461681923659423,Corn,0,Poor
24.09650514136317,68.78437458391517,20.428313475060747,81.60064347865385,Cotton,0,Good
19.161154430490118,40.78537717075279,45.89147817073263,180.39641489577232,Corn,0,Good
17.150768263637165,63.38896497316457,41.12753449378022,189.79327905420917,Wheat,0,Good
34.94436839743721,65.26506749575606,44.939508564879496,194.5133257811019,Soybean,0,Good
27.392834065574903,79.05442292686897,67.5712276025612,136.55111927650404,Cotton,0,Good
21.235263433633865,36.359911287785856,45.948551587627456,64.91017707859478,Rice,0,Good
25.005339634978277,52.14856213270711,53.23047626312379,54.53074710622463,Corn,0,Good
25.839418146217582,42.937114815239624,22.57561362169345,51.16454805511255,Rice,0,Good
15.502186238720064,63.77408447072157,31.21947490780248,26.06838777182121,Corn,0,Good
35.46923117695185,72.92516762107923,17.364546111538523,29.598230180584583,Rice,1,Poor
19.979827235969978,38.42512810868244,10.220537787296864,192.2229735207624,Soybean,0,Poor
16.504047969732824,81.66710003382602,68.82314922948605,56.561142780808126,Wheat,0,Good
38.27733159193423,39.170703767368266,60.61771180138177,27.62150755084849,Cotton,0,Poor
19.053764353444187,87.9131857163183,14.274368153329084,97.19165014881723,Wheat,0,Poor
19.764694300206664,83.373800051497,51.39373073953472,183.29122484506587,Cotton,0,Good
21.20042320263316,32.72525898960252,57.97521182413018,149.6425203115437,Cotton,0,Good
32.23445677919153,42.69230824975535,38.769050255927056,22.928421758925623,Wheat,0,Good
32.18409642524467,39.94138377998493,77.64046582737662,127.65866016193459,Soybean,0,Good
15.25802021070028,41.35058858110199,26.20928125778331,126.13747386284726,Wheat,0,Good
24.07355549454759,80.0723919821563,52.278224891073705,78.03744125742638,Soybean,0,Good
31.940191450818194,79.84114639711494,71.28451483888327,152.35093428589977,Wheat,0,Good
27.15574782987076,41.87955328502037,34.867453354045836,144.88184259061543,Wheat,0,Good
25.445167793724146,64.089829392746,13.717146435543167,127.32714098210107,Cotton,0,Poor
23.816213568091676,67.80159815919303,67.79558282266059,147.40483128626602,Cotton,0,Good
28.361330228339597,47.630757632993536,35.01695053186738,31.001155811104674,Cotton,0,Good
26.719030991894478,89.35900042958174,52.33504568181397,137.7258658920319,Wheat,0,Good
30.484316801495904,32.02488582905962,11.845991649091816,108.92188618435175,Soybean,0,Poor
30.170431475861783,72.99017664627175,42.57787331978324,87.31533732712064,Soybean,0,Good
16.646482353536463,51.299263147338976,74.47208520068435,132.20681291593218,Soybean,0,Good
21.85701888914579,48.284181735506365,22.769522737305422,21.034936791733916,Cotton,1,Good
24.0490122252342,36.87328492108786,35.68766104246025,99.87587743928572,Rice,0,Good
39.6373006692023,69.03830477085108,61.71406002254772,186.56932669594704,Corn,0,Poor
29.01355491131735,82.44397389369595,19.506928357693667,139.04689340592986,Wheat,0,Poor
29.31770090913374,62.482245296587216,12.024498323199792,119.11614578145414,Rice,0,Poor
30.082186038775674,31.546940996399385,63.53679396600863,68.74092105653253,Soybean,0,Good
27.474593411621235,88.0306601741153,65.27503295090047,24.579320263854896,Soybean,0,Good
28.59624269909198,87.50080706126057,37.877489962240276,192.93816635194713,Wheat,0,Good
16.191410016979475,57.833566574351096,64.90998169857573,5.737095895340749,Corn,0,Poor
25.75250771342652,48.651812916282566,60.44292575509165,170.07270246832593,Cotton,0,Good
20.81689218146834,30.71593524311147,66.83682302051548,183.56854633461853,Rice,0,Good
34.61184868523557,70.71629577508665,43.941317813698866,196.56833773423133,Corn,0,Good
22.865686732016503,85.0774975806898,40.136457349046516,81.82580826500285,Wheat,0,Good
34.37715975178726,35.62074286551263,52.44338848408322,42.66344622603615,Soybean,0,Good
24.732268813821427,57.04394479856269,41.5486072691185,85.69228573281022,Wheat,0,Good
30.14962711884291,63.02998969654753,18.473028908810946,153.04044200102675,Wheat,0,Poor
39.42945472799842,45.891383136315014,15.043273692532015,174.9042741798439,Cotton,0,Poor
16.553808413671455,51.31310593095075,72.67463977097235,158.71011716189489,Cotton,0,Good
30.349520509843238,83.50282811725634,43.02424964951557,62.48603489966293,Wheat,0,Good
34.72244664921209,53.23596092104225,78.48687930389717,83.85296288701672,Corn,0,Good
28.707307774107797,60.78038582659422,19.549616792977616,184.23456978558121,Soybean,0,Poor
39.10773312910483,65.87286512289138,47.522524806959964,4.277031923477015,Cotton,0,Poor
33.84735154981786,56.29186682487625,74.33248147441114,39.1132093173634,Cotton,0,Good
16.573688050695274,61.13697511044433,61.497333415233804,142.57956491955602,Corn,0,Good
16.249145554406685,45.33214191104997,55.80886064779963,146.33395331738663,Corn,0,Good
31.486079876616778,82.3753383660599,17.424878367243846,62.99360573437476,Soybean,0,Poor
23.880058268594794,80.77361688493397,41.271504459640106,160.00853561202067,Cotton,0,Good
36.64621256823812,88.35590050943568,77.61809632445679,26.52891180860579,Soybean,0,Poor
28.670111840150284,78.20762008446786,71.1234634139538,59.30763979971863,Cotton,0,Good
29.15565123892332,47.38990198795487,64.60405690238605,94.71561241467607,Soybean,0,Good
36.07065759755689,71.83402926396144,61.540935397095154,105.65379961313279,Cotton,0,Poor
36.20515844217272,48.289573246916845,53.069803481777605,98.66560286729067,Corn,0,Poor
16.26664400982198,67.26212859233333,47.658535319710225,79.41402485675559,Corn,0,Good
21.728992767834693,60.41702998866214,43.7233505640653,186.84724158053785,Corn,0,Good
29.085320944645222,87.31964328612837,73.5325195679942,45.996710120095386,Cotton,0,Good
34.15921331242869,83.7044486394064,67.74683621918976,182.9736343301982,Cotton,0,Good
36.57822023526076,50.953519286222146,56.19981732172686,93.58610485729517,Cotton,0,Poor
24.95427439536835,70.77650201651895,75.74432496096844,179.97388206357562,Cotton,0,Good
29.123815620687758,33.81240026782026,19.41522464064227,127.72704758540772,Corn,0,Poor
36.41290845217848,33.46291452237182,27.035388866647654,88.02137787162418,Rice,0,Poor
19.017591503284763,64.46120321331159,65.32115135310872,129.42225732816993,Wheat,0,Good
20.025837309578414,34.89997466750769,18.322834451995817,34.130545254023325,Wheat,1,Poor
25.15165316588886,56.084860641180796,20.72703257621016,46.69997180452376,Soybean,1,Good
24.003260668586506,42.90582048607996,77.68737433929785,73.90776083913595,Cotton,0,Good
35.48785562711071,38.24679334128504,36.03378607194226,20.046988018863686,Wheat,0,Poor
33.72213458677326,61.648878508234496,77.00779854819268,83.19036883475619,Wheat,0,Good
34.23138344923561,44.314754440133555,72.27731227058229,50.489946977131424,Soybean,0,Good
23.955208889821968,32.33808779657481,47.32133566342665,176.50242907264112,Rice,0,Good
37.34952637880976,49.15584358816235,26.76715646179766,63.65453395714529,Soybean,0,Poor
32.767291953659395,59.137475538938446,64.73989466523847,117.59320875963166,Cotton,0,Good
37.04063815996506,62.04160153812387,44.14344216949871,30.290099937372194,Corn,0,Poor
24.567575099521292,88.23761606647923,44.86463607421079,48.07336131320292,Corn,0,Good
24.89992850332642,65.66148560528481,69.170536896372,18.98597009248306,Rice,0,Poor
22.130273137850455,49.19095995768089,33.158081577544536,64.06673593482464,Soybean,0,Good
25.629195195042954,48.43304382329356,20.900243964329903,197.53174623239707,Wheat,0,Good
36.100767082332226,37.10117575435788,69.32042595640783,55.3540418208454,Corn,0,Poor
24.653875714069002,55.63510605313195,19.028041906280915,19.25293555763945,Rice,1,Poor
18.379453030859906,68.48451474547946,26.830213353121817,156.03895064508552,Soybean,0,Good
30.676226377169208,45.92956696951272,17.686094918756492,114.87864211891731,Corn,0,Poor
39.503548707592714,44.58475761466876,33.683761148652735,140.55622608717547,Cotton,0,Poor
37.735112060827944,59.91487347428752,26.535310282008933,96.66319839632457,Rice,0,Poor
34.58139175424594,32.816376254738515,75.69776450838494,107.94721408692195,Wheat,0,Good
25.827083213938813,43.08536637151104,64.36060411369795,53.86207381520265,Soybean,0,Good
36.26181337643107,42.480311601997315,70.83851029791583,197.0428562198646,Soybean,0,Poor
16.996316839496785,43.28070485986393,26.905667585235047,135.72701138472854,Soybean,0,Good
38.875097566293846,40.474693602404884,29.06153745528113,122.07617956648085,Rice,0,Poor
24.94388709129678,74.40312559903978,52.93778344760607,20.98881393087426,Corn,0,Good
33.26937763147191,75.56768923158027,78.83156006180343,170.0861441851894,Corn,0,Good
19.838972566053034,32.727383540390605,44.24524068444165,157.88296338856625,Corn,0,Good
16.062340263178996,78.94976907857418,63.214095896516,20.567547905642147,Wheat,0,Good
36.85361122336383,33.56472893812246,26.918950215784246,137.58338963841828,Corn,0,Poor
28.161004269305018,72.88571937965156,34.16619359612806,106.07626421709173,Wheat,0,Good
30.906535517096668,76.67113405817616,30.6983014396427,79.39328858584045,Corn,0,Good
19.453331609747135,85.86342466490342,78.50796247686016,140.09252605363403,Cotton,0,Good
16.548322607115065,60.66905789200835,32.2498112326511,138.52101501685632,Cotton,0,Good
17.90696809968761,72.53865677074903,74.40817317246716,94.85998028317128,Corn,0,Good
25.46463355287979,81.4502131920344,68.93271576973831,144.69505970566405,Cotton,0,Good
39.965198943476004,39.12293652875253,74.42880712848135,66.03660936396535,Soybean,0,Poor
39.27166288898294,52.25157195448601,55.36483003545024,38.11136048613521,Wheat,0,Poor
38.16245455755028,54.56995900232394,17.747711204018017,183.1766602702595,Cotton,0,Poor
34.98513765435888,42.556363652739016,23.023794872075793,148.3410470247177,Wheat,0,Good
34.768178798395454,75.14964537311764,21.824772632634406,197.18570536024856,Cotton,0,Good
31.291171048643278,41.26955275933477,13.222837221844788,187.30900171946755,Cotton,0,Poor
17.699026375318223,78.34992177153815,25.511558653141094,1.404798218035208,Rice,1,Poor
18.256102213123555,36.51870551258314,23.637979674959944,23.287558006141907,Wheat,1,Good
15.66267059424673,64.25713087704226,23.830339769633692,62.48952995094377,Rice,0,Good
37.3570708916332,44.57019308983399,15.390016292318084,104.80400496481612,Wheat,0,Poor
39.93582962289699,87.85261329528521,36.29508449402347,0.2927445528647432,Cotton,0,Poor
35.8041469767857,86.04525352022554,38.97067499336576,18.911849750027176,Cotton,0,Poor
32.32184432318482,83.07133789846577,51.810374978580825,127.9324850188296,Cotton,0,Good
33.94456035528621,60.10894037975206,18.54520032178393,0.6772434359512802,Wheat,1,Poor
36.358605334323755,31.874791134921033,14.704504662503986,76.42054787615022,Cotton,0,Poor
23.44232385064168,42.678177087292745,31.12469372951637,66.52010401211241,Soybean,0,Good
21.57228958713904,56.86186512758256,10.761935961721006,0.3724607988562889,Wheat,1,Poor
20.210044919519163,38.99194253655254,62.91371594592449,180.08614311381388,Soybean,0,Good
21.062228868695552,51.40860886152885,32.691624978579725,74.72901574271908,Rice,0,Good
17.00878399119853,77.3573274811144,21.929869016132955,90.20265070805912,Rice,0,Good
15.383626124134226,32.084518643610984,61.81571502299219,35.67637750003829,Corn,0,Good
30.046614797426866,50.839283883348216,52.97250117374879,161.8463535654201,Rice,0,Good
27.466731422061002,33.87455948510141,17.878030497192896,182.1005381513786,Corn,0,Poor
34.36861980283686,73.82071136097686,16.444457495714516,73.53921677629394,Wheat,0,Poor
30.314183817289752,77.93849364944928,15.957866251959032,61.21444009951325,Cotton,0,Poor
28.748079532835508,80.08509989203165,33.24911135649469,144.6282733722336,Soybean,0,Good
24.60316911057603,56.9872922867056,64.20940256131922,64.69320577366327,Cotton,0,Good
35.426608752303565,74.31641034012087,64.36993114999956,178.16529751817023,Wheat,0,Poor
15.060209248205723,65.08654754058745,25.892517067865505,85.71745292495827,Cotton,0,Good
25.77759808458163,62.79305374679827,64.74769049833539,20.421011496783326,Wheat,0,Good
21.619638860366187,47.30562327498353,77.37253939780291,44.02705908241544,Wheat,0,Good
20.587974345572405,64.07871748310592,25.70474203716418,160.84262163206006,Cotton,0,Good
36.61767689251637,51.806965759803184,47.65696462579351,99.09517749187904,Wheat,0,Poor
25.44857012611992,61.28948803423737,49.23135242774159,92.0214325455555,Soybean,0,Good
26.357089484075605,38.33652920411083,43.06124338213872,59.79063109841054,Rice,0,Good
26.492566412207786,72.59998551100585,19.565944894570997,182.59912025321512,Wheat,0,Poor
21.244849305447325,47.49752137267518,77.33742420860511,22.09102899280815,Soybean,0,Good
22.64917134801726,35.231401931433304,42.18259887386397,59.66479316364417,Soybean,0,Good
23.42688144688948,53.43387898658267,27.53986448912118,0.9861778625000373,Rice,1,Poor
36.25564398467598,86.81741696454378,15.80379163927713,96.906104629537,Soybean,0,Poor
37.65692568178571,66.80138523574396,70.89265815580112,87.2783500866376,Corn,0,Poor
26.59389341281099,37.33783632800798,43.140407387075136,49.193636622695514,Soybean,0,Good
31.08267755123504,74.08225618553152,61.134938329069605,14.965276485122093,Cotton,0,Poor
18.8254163604209,42.887886268624555,44.61652965079377,39.01529241773294,Corn,0,Good
34.00206601290111,76.40727730149254,27.395264095580895,73.00249370901146,Rice,0,Good
22.753518710563,89.90128114616182,57.58238439970923,89.75051200372317,Wheat,0,Good
30.027900029140994,30.694612386368725,68.68837443048514,172.0027669787615,Wheat,0,Good
22.98441272026306,78.86053825424695,50.71884459096001,48.484312642205765,Soybean,0,Good
19.29335219945636,75.90984472478873,11.336233341260838,49.50281338293456,Soybean,1,Poor
26.948179474754692,86.64201086342995,23.54363516256737,167.6020772485483,Corn,0,Good
26.084415088242586,78.48589585458427,10.383204775937134,38.29196967616366,Rice,1,Poor
38.25787486457895,33.53171230866117,70.54078517983709,179.37430640836175,Corn,0,Poor
24.338976299281807,81.20948674155106,24.874061177116722,2.9787916382800317,Corn,1,Poor
36.36120025648342,76.69321050965746,33.14448088319124,173.13906181588695,Soybean,0,Poor
36.67038354392598,70.39894199054892,34.963386774169244,95.28188366572911,Cotton,0,Poor
20.035469812066026,44.79026434982328,78.79358268776424,64.53375910095664,Soybean,0,Good
35.688428131108395,57.558153611146025,78.97636270713403,78.49430099907077,Rice,0,Poor
19.150639570434564,87.95364653169602,24.10557579205669,8.831193956979178,Corn,1,Poor
18.41674653211422,87.62208164541258,38.01617591606714,156.92583658068264,Cotton,0,Good
36.24036141357494,33.37237488528204,24.812947506275126,111.9106028339323,Soybean,0,Poor
17.316314317863473,63.72476748533385,76.66005755108259,125.0268358179478,Rice,0,Good
35.277994443229616,66.9804604102582,42.33563676925264,57.00224486250978,Corn,0,Poor
20.20162091206098,87.60863892160859,33.289077505319085,47.900572115429505,Rice,0,Good
25.517892296061742,34.98816193730931,74.24330006992828,140.9838510126613,Corn,0,Good
37.256103605277985,84.89682007249397,72.23662510363664,128.06541572757544,Soybean,0,Poor
16.2126804271563,81.73480276251476,28.984838484268284,89.49056221726266,Soybean,0,Good
26.263056577959862,65.7564379368222,36.62849258826236,159.2753693998731,Wheat,0,Good
15.469153620677881,72.15898685279078,68.41525128552021,43.953881270588745,Wheat,0,Good
28.8350309991024,63.737691759546756,74.11921114497751,79.68578834199398,Soybean,0,Good
25.598347593644057,31.619847528219612,28.11753203201809,26.282909464185767,Cotton,1,Good
27.461117286152714,59.687859322053164,22.26329817900361,135.76596575363445,Rice,0,Good
24.97227125575979,48.6853099020925,17.79216118793368,16.579209765670576,Cotton,1,Poor
27.694325835039486,62.51120892432078,10.08338930448781,89.30093822368326,Cotton,0,Poor
19.125994381896696,41.04033095158188,64.959329926823,22.10851428451852,Corn,0,Good
23.94469795106722,62.03253256154429,45.218584923134266,66.04618169977105,Cotton,0,Good
37.556543034434796,31.367383016513607,26.223047198635385,176.6628799195625,Soybean,0,Poor
22.41998410980043,88.86461556705915,62.48289920913262,117.41877809355081,Wheat,0,Good
22.721159142014216,74.04182906479852,25.05938429763446,26.532586041912598,Cotton,1,Good
24.37134764681453,89.50585017415447,20.643736310664693,97.45762497633869,Soybean,0,Good
16.685953999993874,72.44412487407999,29.369471062218913,117.0369486426334,Wheat,0,Good
23.51641718732558,68.52530912768876,48.124725832837456,155.05933727424562,Soybean,0,Good
26.198658576811518,35.81416041938339,13.636836484722783,198.62495204868586,Corn,0,Poor
30.43146653469218,61.662030079245255,60.8374033844214,154.81119364831554,Wheat,0,Good
27.38166549363771,30.580082193341582,29.299133461249774,188.1003062302416,Rice,0,Good
36.06870161992957,89.14964230544291,79.02578859537968,122.48989733321214,Wheat,0,Poor
19.060410627727897,33.691862610779275,15.617017597865527,5.298849887843082,Wheat,1,Poor
24.44641920046456,32.00984311416135,58.30211978642127,152.13511450660513,Wheat,0,Good
15.276054702836676,83.16789073433003,35.40109386757401,153.76423855843439,Rice,0,Good
37.46390385485842,70.05848387787083,49.750699026835264,44.44291258388182,Soybean,0,Poor
15.745096091803246,37.812524447336756,44.27746046014534,36.89836705152454,Rice,0,Good
33.56579116723809,89.57000674685831,46.391821677870034,6.015387110594772,Rice,0,Poor
21.11833587859126,61.98750063773889,53.59270542050255,174.99096200081246,Cotton,0,Good
18.386255711774123,51.989344553064775,75.25944807736424,80.994006582391,Wheat,0,Good
19.04423765799752,85.97537686067264,61.97743989174054,121.64447559850554,Cotton,0,Good
34.75019775437006,31.66842464997288,73.43188138909449,161.48147915173092,Corn,0,Good
37.35097113207042,51.867572983663024,29.589407813002325,60.8040360948644,Rice,0,Poor
39.283848034684866,71.9959449799479,50.17936100801144,141.12175155895642,Wheat,0,Poor
15.436953827074829,51.076328425805784,27.502393576847826,11.896206107759276,Rice,1,Poor
32.25233385732113,52.01334077971464,53.047600863366924,84.3718883654752,Wheat,0,Good
38.12278020486455,82.49495653829418,65.43729086994946,22.624965684977425,Cotton,0,Poor
35.57546719197373,45.45135178351854,43.441054686651306,174.93869154145767,Cotton,0,Poor
25.86830337887513,56.21420894027465,22.84026268732253,20.83253102126399,Cotton,1,Good
20.804452781744764,70.25490369227413,15.122459045931867,57.88410682139875,Corn,0,Poor
15.051861362118757,64.06311069100897,25.664081125286415,74.57740672544435,Soybean,0,Good
31.11380257743889,76.91399765273535,11.13014917092434,22.032083978819152,Corn,1,Poor
32.87294003368761,39.14102361513174,47.94720383764082,92.57312740574896,Cotton,0,Good
22.92272637460653,88.78185094444751,14.188464664076488,142.7372141897767,Corn,0,Poor
34.01563990518089,47.86494887661305,42.52765731731662,43.64644195950931,Wheat,0,Good
15.807736865327726,65.50165352063851,10.06532847019101,138.99384594085052,Cotton,0,Poor
39.4129692295452,89.01236537229912,10.208320101687287,181.70732711968594,Soybean,0,Poor
35.692022061898285,38.469606984706886,49.99091457697438,13.339041466781087,Cotton,0,Poor
26.51755695033018,60.652606841376254,57.804454840394314,20.401554883714002,Rice,0,Good
26.797685620172466,40.92696960378073,29.823904377570432,117.92743788701343,Soybean,0,Good
33.53199858995728,65.89703151761492,51.40733751745558,106.13868416534069,Wheat,0,Good
37.52935480764021,41.754398402223146,73.14098484808154,197.67992538018336,Cotton,0,Poor
30.5379997892282,51.74027630530246,49.02496578545075,105.2657795365259,Corn,0,Good
15.58180470520684,42.61505906051894,34.076928530157915,193.7809922186133,Soybean,0,Good
34.58647982644601,35.80045348991205,72.89036101816802,61.233100343078874,Soybean,0,Good
38.830714803883566,75.35904572744406,28.547689581454122,84.86730782639029,Corn,0,Poor
18.045902459476572,68.0440562115993,23.490505593247555,84.28055837220052,Cotton,0,Good
36.32001444989152,85.25815779501924,32.34158204817102,55.0134584863426,Cotton,0,Poor
30.80095870573622,84.87564424857135,32.071036198387276,145.144302699439,Wheat,0,Good
27.308968092325145,33.48076774941165,37.391965621516015,105.8019832586554,Corn,0,Good
29.4695318389418,65.91357286728591,16.809379110418824,68.94545486694706,Rice,0,Poor
24.565840605689264,60.489500939641694,55.40563609958873,160.07333361502185,Corn,0,Good
15.035827170425959,84.54479785411762,43.85052039911589,21.946433920692108,Soybean,0,Good
19.379855779042163,83.15800125525948,16.10368556517048,189.63701762707836,Wheat,0,Poor
37.971845639722964,84.44602501059684,37.23469264076547,118.36244929365849,Rice,0,Poor
23.330605804896024,37.895447249828905,44.17624202406081,61.99610271231648,Soybean,0,Good
25.925827209116242,64.44167322580071,27.717342480638944,83.2500397065679,Soybean,0,Good
37.17992994622485,60.11890424288548,62.48172284650249,183.64562993794763,Cotton,0,Poor
25.17075911567139,83.36021839329351,26.277493688322124,119.48822420191696,Wheat,0,Good
35.49372531429373,66.23674486699122,73.53629923895323,147.99656025352036,Wheat,0,Poor
21.08368747362446,59.32512930341613,22.00059889461083,136.5851297954155,Rice,0,Good
36.44695890210447,64.15340199317555,66.13274129533912,132.1667233693697,Wheat,0,Poor
28.026984665925617,82.98959946376364,37.84152251731446,90.70528644801136,Wheat,0,Good
37.92753133873239,75.13949242650429,14.90314788753778,32.63675098998087,Rice,1,Poor
16.03611129251233,41.14019781738558,31.256918930572034,89.63816175619581,Rice,0,Good
32.6427926644337,81.6725133200674,45.68556093150302,80.47284960470868,Soybean,0,Good
35.69023846771893,43.703065858425546,19.531176965010538,168.71914567719574,Rice,0,Poor
17.966030501934032,71.05014383626866,11.310909420144494,67.54063747912352,Wheat,0,Poor
15.271323709731341,64.27316973760875,18.894065645248514,133.020221765274,Soybean,0,Poor
34.274660683943225,63.90469977806887,67.51544856532212,18.5447794799259,Cotton,0,Poor
17.988389814718875,42.64612666531636,32.70608691933838,129.0681129572129,Cotton,0,Good
20.14832091623792,39.20603868431343,17.046877761441436,21.63429701085089,Corn,1,Poor
23.10906986549901,54.44234360863136,58.69809810974825,83.9784740942839,Corn,0,Good
25.551766184130955,39.762932381428044,45.72487843239602,47.166927303083625,Soybean,0,Good
35.895675500185106,53.03821824276383,78.88441107659081,54.94398226327066,Wheat,0,Poor
15.518676755805798,80.33527902054257,52.24044882636944,75.57735389069956,Soybean,0,Good
39.94918376929442,47.50907247772534,35.883165967639215,103.35370511873916,Corn,0,Poor
26.97789616265379,54.92047052194295,70.03288832860423,15.554269265549813,Cotton,0,Poor
17.818799365045805,64.97700027837374,72.71180284118296,68.1182716379454,Soybean,0,Good
38.99607009433905,54.9090896984693,33.56166513809043,111.75863934910481,Wheat,0,Poor
28.960588949273976,47.410067982080676,59.19848742128263,170.96951758763345,Soybean,0,Good
39.6897160330529,58.76076489680881,37.181719633333735,70.27248554428529,Corn,0,Poor
25.3967662650796,87.6914826446659,70.5191010640524,156.56135121459073,Corn,0,Good
16.675694116166465,66.49501582689057,39.954328753185486,134.1859788145579,Wheat,0,Good
33.75624518333903,40.65649690258472,64.09790786928326,133.02123020830334,Wheat,0,Good
39.29845976102266,36.0973417362632,57.94599414121968,195.05688580335712,Rice,0,Poor
29.12355750275229,63.70648089434257,13.327817379849524,43.17695464403937,Cotton,1,Poor
34.422561934252016,44.388228315007936,37.02553254181542,179.62746724544985,Cotton,0,Good
23.075401891995465,54.861647826131225,33.25976806086106,155.71238280295964,Corn,0,Good
27.667022380004745,39.104337558309965,32.534664701135696,37.593511474004714,Rice,0,Good
25.78060253476459,71.41950394024951,55.1009651819815,162.88482715424354,Soybean,0,Good
26.779468750188727,37.186167149304936,39.87011727752834,171.45646647598033,Cotton,0,Good
22.386993127793673,37.73272462275148,20.117661900763128,57.79559044716176,Corn,0,Good
27.977525580537275,64.31751616990175,65.3909093376513,68.47642579785547,Cotton,0,Good
32.97192417895054,50.883988524046174,67.37686981052823,131.64900554133348,Soybean,0,Good
15.541461967018972,71.97022282391504,32.74378851993988,97.28660610381735,Wheat,0,Good
22.483208076130115,31.514603410059806,32.12020604710581,68.3603533891703,Wheat,0,Good
32.44831871646471,84.46032974819579,45.62735934699024,13.11939305011267,Corn,0,Poor
18.95581049108891,51.3637657133662,22.120600359333885,37.23411974916671,Cotton,1,Good
20.933753854093798,45.76568725700284,41.19523198274,34.349176817601546,Soybean,0,Good
20.605242897382585,86.65663502788337,78.20419354087285,140.08093640230913,Corn,0,Good
16.91187363088804,59.697450221994366,60.85298310827505,35.22398032018393,Soybean,0,Good
24.851764227716956,58.25637445238553,29.363695339387004,62.88149993593039,Corn,0,Good
19.845412107162538,77.40460509327974,23.346740732667232,195.18451021610022,Wheat,0,Good
27.81586901949718,81.5647811313168,52.95614839136801,9.879117785127335,Corn,0,Poor
24.304432639604364,86.76735781946044,31.301690176218848,179.08424393725267,Soybean,0,Good
38.75103130270724,53.7147908403346,73.62701277437773,47.120360229692615,Wheat,0,Poor
21.411612121423047,79.51221477005836,72.69750732105442,81.19829858650836,Rice,0,Good
27.844772360089177,54.80811764086522,77.58146304269764,188.3580393236025,Corn,0,Good
21.66157211722072,62.01880809635241,21.762671902226582,20.243143744846215,Wheat,1,Good
26.939578693628434,42.143369966506306,45.69946444633952,166.53790374939516,Cotton,0,Good
22.22553188574742,41.19106696004893,53.441011142557294,160.32213901948032,Corn,0,Good
24.957028428940546,60.90843597338616,46.92736869958176,129.36540780673437,Corn,0,Good
30.95119277291602,88.43036590989114,63.79212338039362,185.72689569524604,Corn,0,Good
36.25008262132722,67.2907596095205,38.0093660022023,47.950326435791155,Corn,0,Poor
18.8887015822278,81.6773435868289,11.388792652382174,142.2117595903602,Corn,0,Poor
32.47470642738244,49.71091040978488,75.81567441741923,10.116939013379556,Cotton,0,Poor
25.33979497518959,51.48021471064315,55.296975147941836,31.61136460917582,Wheat,0,Good
30.232608558927303,38.519999247099875,71.54918481974951,161.3955251447591,Rice,0,Good
28.980852707939484,38.61534870409964,27.57554202971574,38.19521117026117,Cotton,1,Good
31.282116566407893,49.7636570467231,60.978470396110254,85.21813098422302,Wheat,0,Good
26.449063161365537,66.70164037056821,22.640620278972968,184.02319109616397,Wheat,0,Good
33.51035145702503,55.13480322277932,35.564610469765626,188.8463227358281,Corn,0,Good
29.978037843389554,55.25241890960193,15.803602594869044,57.7474576758036,Soybean,0,Poor
22.00982350005619,66.74513061209355,49.821660594233464,94.4966667929283,Soybean,0,Good
16.583152841965557,56.8727804771629,10.85467396737586,33.89242600422211,Soybean,1,Poor
16.49691298033875,45.5501334446805,35.75140377628635,173.64062333068057,Corn,0,Good
33.98410517928677,37.01801431519469,49.87874747076501,61.595657185480654,Cotton,0,Good
18.299502863789428,31.45576501650575,65.68757190038846,38.75966401857487,Corn,0,Good
27.61660820388466,72.63745829706221,14.87851514126183,40.083608746248764,Soybean,1,Poor
28.91074955794597,49.04519196006197,37.940909132492585,39.07431729464499,Cotton,0,Good
36.851988951229075,35.150428838900844,36.37197710024857,24.404179912484736,Cotton,0,Poor
22.86239464235361,49.19000286103852,57.23447614921389,87.7685094289663,Corn,0,Good
20.791295420433975,60.96441643815581,34.97986359009435,47.930712872284474,Cotton,0,Good
36.69067123289135,85.62953902368955,30.258525436943387,42.80030033960867,Soybean,0,Poor
22.650292630895688,83.59219389568176,16.26751867219577,42.128381000167096,Soybean,1,Poor
31.443670425517386,32.61454791079336,24.926757093697468,35.22789000783251,Corn,1,Good
32.56011644792571,33.761879266897374,56.214213410224765,123.50965643661694,Rice,0,Good
18.157257708178633,67.59770435008207,49.60140026034998,110.97294492069337,Cotton,0,Good
28.000430923910116,76.7865263401645,11.22255315935382,129.39573644180336,Cotton,0,Poor
34.06351031990859,39.87823482787646,57.4489425374632,63.296825720318296,Soybean,0,Good
30.85909202168247,44.43929909972944,26.915313562284474,186.90778696195912,Corn,0,Good
15.384942184568146,73.2405572734219,46.13829807596754,115.35595096062734,Cotton,0,Good
39.30221423426066,89.37476729999106,67.3848384644649,105.43928833671019,Soybean,0,Poor
39.83991073870528,49.44579938252923,11.299289310096755,46.9698615028542,Cotton,1,Poor
24.168266363659434,38.85145954263311,64.4959919796971,100.53455755733526,Soybean,0,Good
18.877566483793622,55.7569455028801,52.49702296311065,10.725286557241652,Rice,0,Poor
27.254520270904862,81.54578518415192,53.291254997146225,52.385519076826355,Wheat,0,Good
38.2649436326962,42.2477511083845,14.596783412379203,122.9656974219119,Corn,0,Poor
30.15868260179991,74.65220507507715,64.37771985260727,147.83850665061456,Cotton,0,Good
31.980565186560288,79.24488808860312,28.053236472146747,54.800475983014096,Cotton,0,Good
30.726263726330647,67.08470099254569,52.4091618403637,188.19662566094976,Cotton,0,Good
38.24645586038313,61.76255478626305,61.29895809358038,75.69540052055036,Rice,0,Poor
31.18955284526688,67.13674300454446,75.94024675348288,47.953315569415686,Corn,0,Good
31.873441945059074,84.40978748143749,38.58233372269149,143.3441925256037,Soybean,0,Good
27.78515599856454,86.64049382397349,67.722868373952,184.34740622788937,Cotton,0,Good
15.629291572318463,71.27612350860866,72.06361248161313,146.33701498355308,Wheat,0,Good
18.04937342430256,69.85299559734307,41.94305433386299,54.01009348451205,Soybean,0,Good
26.648678348062028,30.748866463939343,27.856852543852966,149.06752396783742,Soybean,0,Good
28.628097867321742,33.20919076811142,61.12975007198023,172.51145616711844,Corn,0,Good
29.81341552465838,33.140646293396635,53.330279129433904,91.76224281992012,Wheat,0,Good
35.82894282458426,76.13791434618061,66.7466126642729,37.73119492378507,Corn,0,Poor
18.161823193143327,71.43003272429918,33.79118140510238,175.9278733229779,Rice,0,Good
17.758452755307538,40.97357706944001,24.26902277888194,89.18807890769114,Corn,0,Good
27.05996247007226,70.12473737781423,27.728198436676276,107.25888687165168,Soybean,0,Good
24.246936024355612,65.43954798035787,38.748466862703125,96.51287426076193,Soybean,0,Good
33.907661991884396,61.13571027664184,76.89559275500515,123.50850296180505,Cotton,0,Good
29.303743364442663,45.09854186367859,64.09763742059442,40.429367278867524,Soybean,0,Good
38.05213794408655,60.54576595393959,70.66846118436045,165.06399430014747,Cotton,0,Poor
36.76470058809407,43.087132720256896,45.12816499243805,31.73467207489489,Rice,0,Poor
17.958529229999257,36.044516902663936,58.489380516103715,12.32328366635047,Wheat,0,Poor
25.426194674609143,55.339980067185365,29.45754851315726,36.853112399478036,Cotton,1,Good
26.744622349620045,50.020340805116895,21.1797011307449,159.52737513116665,Wheat,0,Good
20.340675435422433,39.78762409960086,71.53612152094627,139.25863338166837,Cotton,0,Good
39.34803716141927,62.05914731419961,36.739856624549944,156.40651814395252,Soybean,0,Poor
24.62438980036589,46.26890647501612,44.204345931644745,185.49608493403292,Corn,0,Good
26.544991090439623,75.69392751527052,63.454825698427335,152.2212028761564,Cotton,0,Good
29.38082749090119,46.25001844742754,47.18130419701269,181.98818038195483,Corn,0,Good
21.050779987825674,66.3027668481074,79.31954644936337,92.26280835322913,Cotton,0,Good
36.768168836425986,53.21449151787705,57.00688278959351,161.30163903360574,Corn,0,Poor
22.421414347537116,39.925056740923125,64.35220760457797,28.368518513367015,Wheat,0,Good
30.779975093668405,54.911486727504,16.008498692678987,12.906908235178438,Cotton,1,Poor
28.712613761037737,38.773904815802176,15.519122215217303,35.899604271124396,Wheat,1,Poor
17.60623170094269,57.9002745374662,25.786021382685554,192.1695993593227,Rice,0,Good
38.738961278762595,53.01961657090339,29.41621965164808,152.56737355324168,Corn,0,Poor
35.372514667377935,72.7789632738852,32.13063775849638,177.05125964828562,Wheat,0,Poor
15.112861052455726,36.980816397433784,72.22194664011204,63.90094375582851,Wheat,0,Good
19.62988708735366,80.75545654826618,21.675238272716726,40.465899524826575,Corn,1,Good
32.1227963774398,30.760048867888326,78.8281254729581,86.72239784456472,Corn,0,Good
31.071715249752458,61.43961466094643,62.46154043685414,85.00776343220127,Corn,0,Good
19.289604991880932,52.49417218652016,78.23836816640676,2.9715475867888808,Rice,0,Poor
30.42849490774792,83.30413506281792,21.023033009781926,161.30505768020492,Corn,0,Good
38.12456797634047,89.04034376328875,33.941908352063976,120.95095038276273,Soybean,0,Poor
32.19702219822817,70.41150074704163,54.366482182075075,195.45598323773652,Soybean,0,Good
31.648495001917265,52.64974898909284,34.296161261134955,69.22280296795125,Soybean,0,Good
25.744207512073764,67.19412465890639,63.50841756078956,58.8142481740457,Wheat,0,Good
15.995381103028958,79.75580119897755,22.355022678535086,123.26874800582304,Soybean,0,Good
35.07039140970878,75.89233824637301,59.82381358405835,64.01856170278693,Wheat,0,Poor
35.63034525678745,60.85119898730839,30.087113752645397,81.38346164825651,Rice,0,Poor
33.10831481652872,48.139366590466885,15.41805659099365,110.41264503680269,Rice,0,Poor
16.04423925820402,66.53314719142205,14.84382446726201,88.0913373388728,Soybean,0,Poor
28.241263216908848,69.91906239520293,31.31334073478972,4.458870688625849,Corn,0,Poor
20.602149902414666,48.57627886542207,41.31472442292454,31.915766136857403,Corn,0,Good
38.03676936517845,72.9714547746657,25.03412605039517,195.88713873940705,Wheat,0,Poor
21.43529677055324,67.2553337679077,59.528040222161266,107.56402989374439,Corn,0,Good
32.88777855246961,44.000837222858934,41.5483481177248,173.85159277631243,Cotton,0,Good
16.46485162958567,62.7145412043452,59.62342047790469,111.92712788556389,Cotton,0,Good
20.57538491603399,87.16780498645744,18.58253884601163,187.39253427203286,Corn,0,Poor
35.21655671480174,67.86663435088943,26.39756127832415,198.03133783571386,Rice,0,Poor
23.03310057068755,69.09270065121217,31.34999453900333,44.824032258206834,Soybean,0,Good
23.726464627043924,89.90317866440145,78.54855870420455,193.65779746056677,Rice,0,Good
36.8495953969195,37.784634868792836,10.530152329234042,69.21014045416625,Cotton,0,Poor
19.21491294992422,53.694881052990475,36.4240306971589,100.70527331251652,Corn,0,Good
34.066239525261096,47.70948792619928,47.91686887847078,187.23743398036564,Rice,0,Good
19.202446515755494,38.742478299773865,31.507273240844004,34.62197132866947,Soybean,0,Good
24.746805847255057,34.12692594948424,58.111622707482674,175.10024253691952,Rice,0,Good
37.751233834817,68.93569387024502,67.48813982732287,16.34740593524193,Rice,0,Poor
22.46726095851339,66.30038665166046,64.86071700373131,168.67635658600236,Corn,0,Good
34.310913429611155,39.00895062760007,56.12037066389408,150.30320828574915,Corn,0,Good
34.52069931316008,38.308477431465924,31.91700294291319,37.79408730976643,Wheat,0,Good
17.607745037919212,85.74622331591235,38.59225237711766,114.2979149097828,Rice,0,Good
33.65255954480172,46.1810492459176,68.96663404723792,33.86360921382927,Cotton,0,Good
27.518513948117743,70.85984080242132,49.322545895277784,53.80746893628627,Soybean,0,Good
38.32856287326374,73.55188361955632,25.903455878678848,98.74666747142635,Corn,0,Poor
32.623665702028234,57.22486565737701,56.44552153658085,143.43954435501837,Corn,0,Good
25.901355574710262,71.83109057270084,55.53444735340989,175.85687185327026,Wheat,0,Good
32.45195722944807,82.93210301394818,37.39758369232541,31.67808505771561,Wheat,0,Good
39.041416037922176,32.18123773424806,50.67170558963424,105.7195616669778,Soybean,0,Poor
15.816418867587455,52.549398759805314,71.62357631346018,179.38058269963994,Wheat,0,Good
18.23937406592519,42.269472999650894,70.93760438672801,183.20008939468434,Corn,0,Good
20.5383391114743,45.238648005740814,42.734030837938406,134.48709657331491,Corn,0,Good
16.255535929548227,53.54419543220273,53.049766568928675,86.37900152284277,Cotton,0,Good
17.71146776799716,48.65979097286335,78.83727581059973,144.67715410936907,Rice,0,Good
34.4647603341931,62.616620715727,62.710203047276515,4.051292390923766,Wheat,0,Poor
19.554690925504296,77.24778867356551,75.98367751571365,56.37602645445916,Rice,0,Good
31.964445207507946,63.862439301610294,48.93335866803952,100.63607116965822,Rice,0,Good
23.906020109864286,89.62897777469695,56.47100861383235,170.38666180648872,Corn,0,Good
30.50228248579517,70.87016455555518,44.479885865685745,3.4657906611282208,Cotton,0,Poor
19.2989741324343,86.5243089766785,44.13419649649692,77.58834442568356,Wheat,0,Good
21.008519541802364,35.25681430434582,69.38279473601736,52.29297118981706,Wheat,0,Good
18.892333563124982,72.45573255999568,72.16493860454389,65.31641425807383,Wheat,0,Good
25.26847253344518,45.525153687891766,12.963423703824427,68.8373854550325,Corn,0,Poor
30.501781241357413,85.85638839412849,12.87934021707418,149.7036462427857,Wheat,0,Poor
18.411439276006785,47.59460938875736,32.20446192261234,139.94494901806948,Soybean,0,Good
31.342158262925473,68.80348177130342,53.54961432021363,175.6395283190294,Corn,0,Good
15.57870951522861,71.09948421577388,57.940642159786236,50.921004777234934,Cotton,0,Good
36.8144112275363,88.55895267182191,32.74445974443023,84.59830952389207,Soybean,0,Poor
22.107518486450644,67.26498353473632,11.331020217643808,171.6640920954459,Soybean,0,Poor
30.02980994413861,43.154044619714576,49.57231740315667,122.08716667943902,Corn,0,Good
15.0170385692085,43.79481924744847,53.00877267345657,13.830121562633302,Soybean,0,Poor
35.48243799805755,59.135049662693646,34.40230084202186,118.93680761752918,Corn,0,Poor
28.664823733188825,75.96146134704323,45.96186213325996,29.560960691632697,Cotton,0,Good
25.07988526774986,82.86184979576748,74.68895220646309,69.0249753362422,Soybean,0,Good
34.264538166894646,34.166722100608716,36.177805792990426,39.73124416044984,Wheat,0,Good
23.41911971124851,64.8168555553264,19.29084885597363,10.520906656412897,Cotton,1,Poor
29.22697046022845,37.47801164559298,20.832299869537948,48.147017899302355,Corn,1,Good
32.25535818364213,65.79016020391151,15.550427951557793,116.18340369473836,Corn,0,Poor
25.93644072477379,35.37302314442619,43.02763106797292,140.93596921934926,Corn,0,Good
38.81983235900604,38.018481242769205,75.34829853819265,39.47938351589195,Rice,0,Poor
30.310273583210957,81.14690951438895,19.36429737727019,83.37309351736802,Wheat,0,Poor
27.025232164606713,59.019418236074685,74.78501775105747,80.10063013339008,Soybean,0,Good
20.397504009832,82.90466737822429,22.240111787598128,1.8381435446304994,Soybean,1,Poor
29.560148721205636,81.72195306861718,51.63159473593539,148.40799214784928,Rice,0,Good
26.274721244665365,44.23816706435737,72.58831412900085,127.79290145244937,Soybean,0,Good
16.197329972205544,82.25285575269734,37.87154036435637,90.71839410044839,Wheat,0,Good
19.51678411906512,52.12980056537552,67.85834474591265,8.61950104440934,Wheat,0,Poor
20.839610051835557,48.762602963503326,71.92326011867398,47.36045726662403,Corn,0,Good
35.55655966458085,48.643070369754724,32.82551104483407,44.95973663329376,Cotton,0,Poor
18.739038577336448,87.60708576785954,45.46099307662872,147.1413778416754,Rice,0,Good
31.46531132539893,52.0861805625664,49.909512090669296,9.043258692283684,Rice,0,Poor
32.78973754687242,74.55858199608292,14.750058986681742,7.818279273643203,Soybean,1,Poor
16.266476930654374,45.01414703999562,16.391892086453318,173.09966971257307,Rice,0,Poor
24.79029418387506,42.5997041620372,76.08080740766627,89.74391804041689,Cotton,0,Good
17.410351086159345,47.26112083655234,38.271827418076526,177.57218709563597,Cotton,0,Good
32.04824025482079,52.068040234372546,24.75437751791339,126.90921700699343,Soybean,0,Good
21.389268108931702,83.0372644039796,55.49822376039737,5.648685475756365,Rice,0,Poor
24.86707091761337,61.269168117129425,34.24785849973964,71.90405122495673,Corn,0,Good
35.6713292407523,40.50986974243606,44.34049709917303,80.4603479501698,Soybean,0,Poor
26.184064977771918,57.460471080256866,38.26026427590115,131.84254907979562,Wheat,0,Good
39.45095172105489,60.47587552710693,10.690244564170444,24.069484918171426,Cotton,1,Poor
25.10206867413465,45.2304329539454,42.42036604400846,161.22158282220894,Soybean,0,Good
27.952097147697884,47.445457926584524,71.11901113310901,146.76874792046425,Soybean,0,Good
19.33134564330639,78.28809029682066,61.069127479247605,171.02186306666925,Cotton,0,Good
19.42792982745098,84.02019699403382,73.25747559427383,187.61935237203804,Wheat,0,Good
27.06810490290932,42.18285962887634,59.56399357067768,176.37380398774016,Corn,0,Good
18.654205396110545,53.081823987280615,34.07168823413073,113.02872770895671,Soybean,0,Good
15.89406567036664,46.68659671513615,17.344464628895516,96.75064109865907,Soybean,0,Poor
25.612180329158356,71.75459795020595,51.62812815973092,161.3128612093445,Wheat,0,Good
36.343704451348565,39.39540542302296,69.76068983087598,4.852525699718768,Rice,0,Poor
27.810427611228654,52.93665857305584,50.172691167369884,32.459629830569185,Soybean,0,Good
15.375345977749356,64.52246767790908,37.4744413451248,196.33349853332967,Cotton,0,Good
25.435921544909675,74.09420363366843,41.89114314440171,103.50599598220107,Rice,0,Good
24.510230322286837,35.49334084216364,29.921330075080533,170.10688858481205,Cotton,0,Good
21.732658513457082,60.80283326310213,40.55376902465129,47.59557323945882,Soybean,0,Good
22.396719551834217,80.66082543628968,64.1511947233885,150.33516427908836,Soybean,0,Good
22.939937589228542,67.8004633188221,11.788234846506496,134.68825956839206,Soybean,0,Poor
32.68262561210767,48.12309491316428,68.64874916677644,141.3133729384328,Rice,0,Good
23.386573735169367,37.22612010335081,52.481489694724424,109.36982238482058,Wheat,0,Good
39.82851717572579,83.40089322069893,61.949460035781065,134.085723321617,Corn,0,Poor
25.523570218203325,34.483883411909304,12.950061136287545,8.111332946422323,Rice,1,Poor
22.4885506330939,82.52024390252001,71.16840575162401,112.25818611828709,Wheat,0,Good
26.756775757559982,80.95786569247544,15.55078734825943,45.42670455974407,Corn,1,Poor
33.81729599088179,47.64403820541609,20.59089540678032,29.695170478708665,Rice,1,Good
23.811256660490685,35.96683279408607,44.19515178922202,37.608630298461065,Cotton,0,Good
34.473938663003736,46.4761532627668,58.311044005517,156.07430754260366,Wheat,0,Good
33.66854317120004,60.17217777348384,51.40845933024051,174.87193887190227,Cotton,0,Good
26.768183226494624,48.488460803542566,45.605379972841554,131.25734612849473,Rice,0,Good
25.00639506576431,40.78333433992369,16.241168579809774,166.42812699146992,Soybean,0,Poor
21.945808719276876,67.43081809903103,29.15685393912996,81.43336858859149,Corn,0,Good
39.19890934020074,58.19234633047279,57.05574901477558,119.83290153472319,Soybean,0,Poor
39.49588290932557,39.56413848446394,72.28946704616786,79.8038101514794,Cotton,0,Poor
28.468076937321534,62.846770364909254,52.57560637631031,103.42576804172279,Corn,0,Good
36.36625367360321,34.78074401161637,64.01789532893812,59.837714114752075,Cotton,0,Poor
28.363404047552926,36.420650754293696,18.493495619912267,149.42831465953992,Corn,0,Poor
32.470453344876496,59.74509910909891,46.900294607387195,139.0855534919905,Cotton,0,Good
33.265719220839316,78.99204255806846,63.16168866123449,111.92718855897972,Rice,0,Good
26.26587406546947,79.51696309043643,79.06911301203021,35.711043685191804,Cotton,0,Good
18.35414350017087,50.466236352963996,54.743112102409796,108.78301798978602,Corn,0,Good
22.77068935741096,35.17736922742654,16.715823332744254,73.5499315101514,Wheat,0,Poor
18.800638148420603,69.52075305148458,28.358478614211215,141.344914543161,Cotton,0,Good
18.614454673436914,53.385476904809536,69.19652384350402,22.157379294300593,Cotton,0,Good
38.147242773431934,31.237222640965612,23.919080323881694,44.296162198310675,Wheat,1,Poor
38.38939698961134,74.79075437588405,66.67453406673735,14.253072486820727,Cotton,0,Poor
24.202829993655413,55.36290117117654,26.520487601014196,51.45017647748213,Cotton,0,Good
30.937018819949408,67.93543893700488,41.837300286877316,71.094432640757,Cotton,0,Good
28.547386746186994,80.94563155785808,60.758433985884594,148.239719269632,Corn,0,Good
18.44635680164162,37.36040226831116,17.48071743630664,134.58714050439488,Wheat,0,Poor
20.007955323389346,76.36774353668415,12.082387386180867,123.28219827973737,Cotton,0,Poor
20.024237378742246,72.89639673208941,73.00038038344607,79.55112794165258,Rice,0,Good
27.17681717180226,74.25912594603801,13.964211657582279,132.5260812787073,Wheat,0,Poor
26.599997536413543,80.6972154450516,48.35843292256541,99.62577623923205,Cotton,0,Good
24.500349961569935,85.05148598288173,59.640645907319296,160.416871719855,Wheat,0,Good
19.092217481160567,77.08568579474863,37.746304588944085,159.65688680334495,Wheat,0,Good
36.24910242403499,57.58713277592527,18.703690324469576,55.20749521312127,Corn,0,Poor
28.857682078392862,88.81024877516771,79.19074458445522,172.24851267252393,Wheat,0,Good
28.732564261148,34.36124339238765,11.141788895569308,67.55614685768838,Wheat,0,Poor
24.804435158978265,50.51699976071161,50.25423317197902,154.1566621437109,Rice,0,Good
23.812027383786443,44.99386340877301,78.08331608328685,86.02452719720846,Soybean,0,Good
35.30964298233624,76.21995671006206,27.242276176556107,151.669694017456,Soybean,0,Poor
20.38666643528048,56.101920114881445,44.00367742895678,25.28158834254508,Soybean,0,Good
17.179561339627476,50.72701680910918,76.29291299294583,127.08106345552027,Cotton,0,Good
16.667505243134755,57.374110656728206,57.11710377820445,20.745599036814255,Rice,0,Good
23.565543503271176,72.08458328794032,37.59631115334406,166.46353189520718,Corn,0,Good
24.613785632748744,35.55742113006552,10.095087890547546,34.21505350752183,Rice,1,Poor
17.446061369555707,43.342953693089605,36.43412035032054,163.640872110919,Corn,0,Good
26.456335389688775,73.63300229172705,38.62163357484667,78.8738368807885,Rice,0,Good
22.9009420398013,52.849533100825354,48.04878355916239,153.98405816737704,Rice,0,Good
29.56601619817756,77.99801685763472,25.18404376351528,181.5460785384904,Rice,0,Good
28.66841122992112,70.64199578761261,62.95803334035304,142.65938976960962,Corn,0,Good
17.152571066511356,71.1225573471508,37.19505557067268,139.85859122708243,Soybean,0,Good
25.451081573637822,40.64316785961438,34.79901052353407,171.41463826235204,Corn,0,Good
29.544781959688496,52.452289429798256,79.29975492470517,11.683071752105768,Rice,0,Poor
37.19178818787138,37.49762691120429,41.16409010653548,125.10156587398117,Soybean,0,Poor
25.10091503235767,55.27189700696948,35.83037154214032,54.697494242338074,Wheat,0,Good
23.96278094278328,35.1639707951176,51.72478837241091,183.62309092132952,Cotton,0,Good
35.783313437719855,80.77413276723081,31.071610613081475,0.09230197816196828,Cotton,0,Poor
31.345069071938322,52.066410774676875,72.4083809718267,165.1737113330127,Soybean,0,Good
17.997615505694384,78.94848836149878,53.55021924407845,113.0028879864845,Cotton,0,Good
30.24214308633637,63.62559044589822,45.529083624213065,1.6844507308729106,Soybean,0,Poor
39.886986391684275,83.6268272018859,70.37812037671708,57.78494654210318,Cotton,0,Poor
16.770981333177694,41.92465860883434,75.67543486573526,52.30354626473235,Wheat,0,Good
31.18833696698429,84.00621107051535,62.38666325592618,35.293156109424494,Rice,0,Good
16.573694614400726,49.23759012252799,67.21787475087328,79.54007438331219,Corn,0,Good
15.128531364450591,64.76075984484635,39.61536949287249,7.665303557356973,Soybean,0,Poor
28.818468334752467,30.117574395903702,75.29879381724156,13.814633460054093,Soybean,0,Poor
26.273569195638633,32.16476649977295,51.88029469805849,101.2268660408079,Corn,0,Good
25.576798295742748,88.91911270923481,63.566561968129605,170.0033785381678,Soybean,0,Good
36.509477304877706,42.020077094604005,70.95035774659186,138.90829970483261,Soybean,0,Poor
39.91285544407194,62.70329215974418,49.77024940972733,143.12009527401287,Wheat,0,Poor
36.86193580691949,42.332965048647964,14.377455801745459,122.45943727489032,Soybean,0,Poor
36.172198686890894,31.674921616096302,13.858593156270835,45.98073432255261,Rice,1,Poor
36.43290303649951,72.63106669945927,25.24523334492561,198.1984673463938,Rice,0,Poor
33.22880104885772,47.181142318423795,61.65283350617469,153.74574349506446,Rice,0,Good
35.51171931024995,68.85368764914867,28.108766115517504,189.68984456571326,Soybean,0,Poor
24.408852359712164,51.594049480263095,48.514272760242314,84.69028352665387,Wheat,0,Good
24.168193692325243,54.75203212661449,40.925742777464954,176.45503784867978,Corn,0,Good
18.303611427683066,79.40470256536496,74.38543976570334,141.83572381799783,Soybean,0,Good
23.793869039601788,53.94217684883136,65.99742421771867,141.20124854092563,Soybean,0,Good
18.093131496282954,51.62134813234353,35.87009493470953,100.10231865264086,Cotton,0,Good
26.308176745297988,70.01936628761527,46.74270195710363,169.69194897940235,Corn,0,Good
16.339530090033723,70.20120316348851,10.42621222164021,63.29844332596395,Soybean,0,Poor
20.345430867305165,42.401227066008325,14.089483355448426,161.32097534299234,Rice,0,Poor
39.01917341899423,76.06883709814326,56.19617619471195,120.30558415806082,Wheat,0,Poor
21.3216016720449,67.9560446970309,10.737361954667602,3.7089174015372706,Rice,1,Poor
38.14245328858498,62.64309428027134,23.478985464378333,123.91790834754073,Cotton,0,Poor
24.23616767892242,50.47155162738556,15.113053576207356,75.59956928663935,Rice,0,Poor
26.179696506146616,77.94585069504724,77.4274038817636,81.12303412310713,Corn,0,Good
33.507428535530124,59.69243527338544,23.858528560411017,36.41374134288044,Rice,1,Good
19.613431637208585,81.9182979726294,24.130133051204183,172.15643152094947,Wheat,0,Good
17.42882491211513,30.407502263041586,27.12565651776681,198.3488705765852,Cotton,0,Good
35.871348559338585,59.820932474459546,25.13909709595373,40.3761508630877,Corn,1,Poor
39.33941636175618,45.37657780908413,70.75378586359008,32.46012262085547,Rice,0,Poor
36.18328813817829,59.772198696695035,18.48933634708774,180.55318164765632,Rice,0,Poor
34.63148312462313,81.69512309942309,77.63972146812846,141.414673537432,Soybean,0,Good
39.09794030775751,55.55602904776916,49.59152886058248,2.0612849457323446,Rice,0,Poor
37.9191848146764,72.31277033803339,11.665958534296216,19.916744263057183,Cotton,1,Poor
35.00753723951378,61.33496020919604,74.91028079666836,175.37563509432388,Rice,0,Poor
16.22065141202668,89.15748912250841,21.422962262984363,187.12137610179755,Cotton,0,Good
28.09476773644327,63.68335869558313,25.651996238591874,60.792722192334224,Rice,0,Good
16.256538544297324,64.80061041233799,41.094983970675614,59.157317170971304,Wheat,0,Good
15.318544801975712,34.459587115000915,29.364683463182814,8.316296460172378,Cotton,1,Poor
25.621283902834506,55.49272494432203,54.621918635782976,48.60554897255662,Cotton,0,Good
19.905035760059977,51.577749397717014,20.390986890843056,61.47470405423987,Rice,0,Good
19.197761631511394,73.4969189202707,38.23612731754625,126.66512403414445,Corn,0,Good
15.674082336081202,42.661035945053015,35.63876994628159,149.2032887073428,Wheat,0,Good
25.144432476515345,74.00953425321248,45.70014038632095,168.4627688449959,Rice,0,Good
31.7998813869974,57.32966887847221,55.97961103991026,70.62561321818465,Wheat,0,Good
28.538804437293457,68.01979147321234,40.241551038820056,104.72255422542838,Soybean,0,Good
31.827575688224822,72.05047989908391,46.95183135351849,4.215680604855532,Soybean,0,Poor
37.58151351791567,59.04388395744313,47.81592745041549,155.09596623150293,Corn,0,Poor
25.828997754876525,44.18402738750383,19.292267910185693,39.56551862907447,Cotton,1,Poor
27.17923468143288,67.47015672851714,11.061652947052353,162.19903778673543,Corn,0,Poor
33.71525258602881,50.78811943280553,61.94407549107768,160.08849210846043,Wheat,0,Good
35.37115498041198,84.61942250461769,34.48392884319556,122.69298601578924,Soybean,0,Poor
26.141706709377836,55.80039308199594,75.71387838604473,92.0047149226306,Corn,0,Good
15.447260090244333,78.37504468511233,57.31400216655896,51.32742598422446,Soybean,0,Good
33.92221825719865,87.36113707044873,62.10674821456911,89.9421205174247,Rice,0,Good
39.770354414245716,62.5621712202576,64.04457091883691,11.065002901706912,Wheat,0,Poor
35.13045080822894,71.61212882579599,61.11114564088635,120.95869571041806,Rice,0,Poor
36.299491057199106,37.43418465806415,36.36220892656622,80.44296329702192,Cotton,0,Poor
25.21717704462153,31.92791424737903,16.706098882972455,2.1350474392462404,Cotton,1,Poor
25.77334148102974,88.90164415673753,62.66659953114111,78.93557277728718,Rice,0,Good
27.34863650217208,89.73669669649394,43.294492404752575,75.51772525085288,Wheat,0,Good
21.234972262973002,46.11419011610344,52.86135586134065,106.74044613284606,Soybean,0,Good
32.32745732696698,44.32520687948468,13.350966673503724,101.0884637597871,Corn,0,Poor
30.511655854050503,68.44610170824822,60.468318342555776,20.55513244729219,Wheat,0,Good
39.41320628874651,45.79639345179045,63.58092803867974,61.70076150046355,Soybean,0,Poor
28.87229983350492,77.98578368914826,79.30064831141989,100.52304759568405,Corn,0,Good
34.34652206989014,39.84905471207742,71.95552990237096,92.93489007809741,Wheat,0,Good
34.528552894728406,57.53966453846835,25.92348260607388,140.10227068929075,Rice,0,Good
37.55997445470135,77.78814179022825,62.73252405138984,142.97195561539408,Soybean,0,Poor
17.49837883155487,86.53143787926211,32.32265100766967,21.526165373541218,Corn,0,Good
32.819961728633956,79.78078605905533,36.96350060987339,73.14599804325401,Cotton,0,Good
22.468375726093168,48.2930249416729,13.9502586992024,114.56042435683457,Corn,0,Poor
21.56817791396412,66.63660275701153,16.92393965675985,30.342654197152964,Soybean,1,Poor
38.8027178820788,83.46863096485453,70.03326311166501,85.01671004123577,Corn,0,Poor
17.833524366181503,57.462432208861365,50.68991616337331,56.391578782043815,Rice,0,Good
16.709155855425195,56.959947049307466,25.91742299570734,43.02753020707115,Wheat,1,Good
22.95089476256907,45.169240590343456,53.04437374549368,104.36448561419331,Wheat,0,Good
15.343582904934985,73.26546560817006,73.55908300604463,51.458103369241435,Rice,0,Good
16.413810478618082,76.89608959459582,70.121139093211,32.275442904809324,Rice,0,Good
20.48885200986127,51.95709221112408,23.145670013818666,0.8416334721274454,Cotton,1,Poor
25.825548004479195,44.65373729637845,16.406785707214603,110.72893728003048,Corn,0,Poor
28.57872048449861,75.96515308509228,66.03565679587888,90.47731876523058,Corn,0,Good
19.69171234677132,65.22724792157526,39.454105361146794,118.2187281385832,Cotton,0,Good
18.16489151767914,45.42122380605525,23.396778313016483,103.02690200753936,Corn,0,Good
15.563797591448623,39.787586328094065,27.47574245847838,151.84859373588523,Soybean,0,Good
36.4338488476845,62.334672800237165,14.466302684981223,64.82261039070795,Soybean,0,Poor
23.930107704388984,31.09577992672766,56.51029306451911,74.71666665422356,Soybean,0,Good
32.495579531420375,42.57615964531669,14.563568722282543,37.75183085119571,Rice,1,Poor
15.30760422413833,77.51202134754334,29.333348258211473,74.95092469210852,Corn,0,Good
39.68923098289538,89.09439991654139,64.41190578790969,14.914265226129952,Rice,0,Poor
29.585046967846573,46.75531281572577,45.72869062810801,86.10372649523596,Soybean,0,Good
25.26900444742055,48.07155218213383,11.7375862113696,70.65925861272436,Wheat,0,Poor
33.10480163510866,83.77171465948409,54.72932512198253,161.87007493791728,Corn,0,Good
25.71303508926809,54.65304327759822,19.76019182746096,22.27446532434678,Cotton,1,Poor
17.60203855289057,59.370542937279986,13.327558105295589,198.35363004909516,Soybean,0,Poor
17.346144242548934,61.9374364281161,25.69667054153741,92.19018576244626,Soybean,0,Good
34.06366273354328,60.470494062870664,45.71943631472366,71.50503708269791,Wheat,0,Good
39.53100900652031,60.744684176697206,30.2844556006532,8.581154516387723,Rice,0,Poor
33.71975329402842,65.60355283648545,43.29874516410701,42.77673546446987,Cotton,0,Good
36.97557867145382,50.29644025561306,47.332977751790494,35.1411484642119,Cotton,0,Poor
19.801321120202488,34.45662437945137,12.515951095945592,57.76811817591563,Corn,0,Poor
35.38738255267326,87.00411091881267,52.2382582712297,181.03892452029257,Cotton,0,Poor
39.91519824665595,84.19640077588232,64.6532983483473,38.426965421085455,Soybean,0,Poor
36.55371548614434,47.02285792721332,52.40219444814441,90.62995324192575,Cotton,0,Poor
39.50781083637665,50.54014980753467,76.5650657916317,48.86016433550853,Rice,0,Poor
29.991946563270126,74.38562982463142,52.26259838384787,20.26753587132466,Rice,0,Good
32.46764878351122,32.53124568488389,19.002174665273913,89.51635857114869,Corn,0,Poor
28.153945779187357,67.22119941340662,16.744554415635697,13.27460255671391,Cotton,1,Poor
15.261202397188498,53.29851986106928,79.9658482125345,25.396429715504286,Soybean,0,Good
30.975827371067265,52.09548315614668,69.15376566115853,63.107078384769565,Soybean,0,Good
37.612340501252106,85.06930427474853,74.54659437029275,115.19852702286337,Soybean,0,Poor
30.802912023413857,48.3964636635716,35.61083341719883,183.24503787622658,Corn,0,Good
19.10468108331124,31.20733157462842,66.968931750558,123.95363524295962,Cotton,0,Good
15.885711284502788,48.97127175365172,13.075127083559519,107.00764393660596,Wheat,0,Poor
28.186255612894023,82.41126669907823,57.87760836779645,79.29955025626202,Wheat,0,Good
36.830772257819305,44.74615000610602,53.37324146993833,117.2175199293584,Cotton,0,Poor
22.557745670810817,81.10482998926088,78.24926434092859,68.02304534093328,Corn,0,Good
32.31356049481987,50.11409531944436,43.52336909864686,123.49526795949681,Soybean,0,Good
23.994507205521067,73.41987177214162,79.45782546094505,177.15960955207976,Cotton,0,Good
39.42933740201097,79.62774428408835,34.438855475484615,184.25183573575222,Soybean,0,Poor
28.43246530404673,51.2235501904265,52.655316861637154,101.82007933234975,Wheat,0,Good
16.01173371928539,82.71343005104376,70.45137627047197,138.4866805246829,Corn,0,Good
38.24976479350357,62.614666949253916,40.1670663924968,191.6659576412812,Rice,0,Poor
20.525767833494015,73.32309870230645,68.63901547837358,113.53399575740946,Rice,0,Good
30.53217995910581,83.88156144809699,22.246697574330035,85.38846886496796,Corn,0,Good
24.29746849295627,49.244108647523746,76.9993788273016,86.36212598106485,Cotton,0,Good
39.84908499072746,46.963850996629105,41.717840176102015,108.52944968556982,Cotton,0,Poor
24.357638349124336,68.75153932365976,56.83530574095764,197.06627033167027,Corn,0,Good
36.838642728894754,70.0982582861454,64.26036130932704,46.70262139077413,Corn,0,Poor
36.57287578784279,35.02891904588273,49.915304996954944,56.95734687052707,Rice,0,Poor
21.405994335033427,74.38374899391725,41.48568058128603,106.19030371619135,Wheat,0,Good
27.59227549470853,47.80935328609418,16.122481116477054,177.72677973038435,Corn,0,Poor
37.45432834119836,75.89895384309051,66.57964217975288,35.10025254090683,Soybean,0,Poor
38.82823222619814,70.26122747760022,22.75235260632747,60.85671303935176,Corn,0,Poor
25.78814234145591,42.3706626225993,61.36854773967142,52.033395838443866,Wheat,0,Good
15.37036230160606,56.183494325273294,71.23844940299335,59.92149953447774,Wheat,0,Good
34.74249071083743,78.80989803144023,47.09346022095447,101.28222529621695,Corn,0,Good
36.045868166537446,77.10644659041058,44.078242379689364,8.434131529846844,Soybean,0,Poor
23.927484175480085,87.9202599714366,62.13351161406216,49.85004362806564,Corn,0,Good
19.476677450011714,81.31067694114718,10.22997736699013,0.26029230729633923,Soybean,1,Poor
32.92141897619301,47.74944492081779,28.8441377496,11.967966250508844,Rice,1,Poor
39.77697712112524,73.68176076539655,44.85233817908183,79.93748168070557,Cotton,0,Poor
23.184154509280226,87.17000251525467,11.442085867947068,116.4479688692428,Cotton,0,Poor
26.996271689773934,33.44318688196441,32.79349336798294,75.50664155779994,Corn,0,Good
18.670878180924817,63.781964029031364,41.71562076250399,87.17286756373201,Wheat,0,Good
21.928272529705662,54.172878204600956,15.82654714914637,193.35814797642738,Rice,0,Poor
16.784373857333758,48.071310647168296,33.58205896051035,14.242206401393865,Corn,0,Poor
37.894930397322945,61.882873475603034,12.35222158630252,167.6128870570811,Soybean,0,Poor
23.017019343174614,32.336788860227706,38.83240427709717,0.05737301028005959,Soybean,0,Poor
30.77693995597474,89.59309399725754,60.34832864327041,61.76582378473749,Wheat,0,Good
31.14202039391264,33.51798667460289,15.846625721537565,92.4625039474253,Soybean,0,Poor
38.20172126876902,49.39137125600165,13.885397572208127,165.7826465859244,Rice,0,Poor
18.99849007807275,38.44440089235542,45.7554136034026,116.10282404190437,Corn,0,Good
33.196310784879714,40.7903612988658,16.96934289011206,165.6420451756836,Corn,0,Poor
35.210424451584075,71.12745659521008,78.85007976830917,62.95246657996434,Wheat,0,Poor
23.298717638010334,86.29587905914109,51.31130907090115,60.77381679312188,Cotton,0,Good
33.44804521571089,66.95089013076122,13.082169037067235,13.410339791397208,Cotton,1,Poor
18.074206937548954,87.30926143133816,44.19314437309162,162.6122421052391,Cotton,0,Good
22.982402692926364,31.62528512372003,56.98601087431918,132.98851500631986,Cotton,0,Good
20.860318697051067,31.190239120578333,34.110262794346795,186.39688846646217,Corn,0,Good
37.61794880895012,75.63196076658639,68.24525036997801,170.83665309310578,Corn,0,Poor
29.867005556003992,46.73183621894638,14.653635899241456,125.64869183810066,Soybean,0,Poor
38.52282375625893,73.12308291003296,36.54486999867528,17.846944334632852,Rice,0,Poor
30.915062897514584,41.29925539665603,71.53925376228338,14.710527842856091,Rice,0,Poor
24.738168409251948,44.548865242564716,78.73539996590705,4.877331730778778,Corn,0,Poor
37.83376149239061,82.9975360589224,60.66767204468882,55.25801667910191,Wheat,0,Poor
18.880648494554066,53.31824663878383,29.65548639082453,63.06289869864086,Rice,0,Good
31.779202588392508,83.11732791070864,42.31650493996719,11.99013698154272,Rice,0,Poor
37.309781217748615,35.63718249308121,38.6405201941802,105.01354065185274,Cotton,0,Poor
19.792373361328778,46.56520597103042,19.2052093591495,5.212548122200333,Rice,1,Poor
17.015479080482116,39.396508633600455,65.50496024567303,162.40390791035884,Rice,0,Good
31.114458823083066,71.67198800113371,37.24208001802459,86.77738767909351,Soybean,0,Good
29.971648176054057,36.369123996141504,19.06560861548879,39.55088300828549,Soybean,1,Poor
20.567433966272368,51.5649664262267,51.266293997404134,26.760523034596506,Cotton,0,Good
25.605389577380784,42.72162648184667,77.86672440573616,22.711723867844704,Soybean,0,Good
27.843085010423877,32.041445651246285,41.77203550885524,144.23959895158433,Corn,0,Good
32.98844264026677,40.74330934013337,40.10181857307637,16.90232452052367,Soybean,0,Poor
16.021274311134672,68.16829024251015,60.82171254356472,177.85726862667718,Corn,0,Good
32.29241374248493,74.74952736709935,47.34235640992549,81.2909188257765,Cotton,0,Good
31.94923735928552,84.28014572621983,52.27630647335826,54.89846481369434,Wheat,0,Good
36.22986714486642,56.039709207442804,58.61104516121574,182.5634699341644,Soybean,0,Poor
23.215223737485807,37.654163871547034,16.00263882772316,107.7290748386646,Cotton,0,Poor
31.508344351175914,77.07625805053806,48.847464280025086,157.31380903281666,Soybean,0,Good
21.916308062287584,54.7589349462053,37.60929860188193,164.56757421018628,Wheat,0,Good
28.528582663215133,33.20173277985971,16.07137555647762,2.9949439846944648,Rice,1,Poor
29.737651484862603,58.99568286229979,18.66478415414246,48.45033227580058,Corn,1,Poor
32.4171568088542,77.58016322200018,61.58161134735932,172.1081794802671,Corn,0,Good
16.09321875703638,78.65399099642511,22.478743272770195,45.79696993120279,Rice,1,Good
16.886394646276976,58.003629395666835,24.561299747451407,129.2516612382047,Rice,0,Good
22.552505973710275,30.19463786626041,60.793598288270914,2.3723675469447425,Corn,0,Poor
25.36908349459499,72.15234964688213,28.312286557313534,2.9260688588988115,Soybean,1,Poor
39.1383328214576,30.7916704482272,61.206358569181035,72.83440507799526,Soybean,0,Poor
36.95373814527605,51.663685345865275,37.72525344426582,90.55282935382547,Wheat,0,Poor
18.07394217385022,57.788769241254954,77.54788225246813,101.99122639764566,Soybean,0,Good
24.559283711475672,38.44021992542554,45.66796988608887,99.51955657281253,Cotton,0,Good
29.206017272554917,80.59172489499213,45.86893366632879,19.14645811366611,Cotton,0,Poor
31.917945554315324,49.49993363729388,35.0967818399412,88.09414601676053,Wheat,0,Good
19.352714954790578,67.28810451541977,35.40262282606017,178.43415281908247,Wheat,0,Good
31.254345345154288,67.20423730983654,28.728524721215248,164.45607553993906,Corn,0,Good
26.008850154321905,32.711597624263476,63.26670240472966,38.69513611320219,Cotton,0,Good
34.27262326417199,70.06766127604178,22.028566028804242,68.49030627665617,Soybean,0,Good
36.30003975449894,34.9841014137888,65.18222103573996,128.86958093084152,Cotton,0,Poor
33.00283420468368,32.684691892033484,46.06498125778625,85.16273096223645,Corn,0,Good
29.045719021124064,86.8207677128384,47.225303138893736,116.1261085462947,Cotton,0,Good
18.07537724216546,85.14006234770349,71.52505853756824,135.9860164485639,Cotton,0,Good
37.84664989817738,89.32361785484657,71.92700617404145,141.3989186083325,Rice,0,Poor
33.00302632580342,58.583149156207135,18.39182387136667,126.43380331969895,Corn,0,Poor
30.040045430947234,63.565225604008326,14.396074269918122,107.08235634112495,Soybean,0,Poor
20.03570109640444,37.69300235328152,14.193473952353315,13.998451265128086,Soybean,1,Poor
21.242115314849762,47.82199210447371,29.15744402476589,108.61401363575322,Rice,0,Good
26.51522915536932,68.72227306509811,20.446557992577,115.33709474221891,Soybean,0,Good
16.08153831810255,76.1201771808308,72.88984784500875,147.6704431511343,Wheat,0,Good
32.75379069226848,85.06325709092164,17.923381358315225,192.5590404701091,Rice,0,Poor
28.849464033777622,34.443355064755664,23.272853875838074,72.33256007526543,Soybean,0,Good
25.845582825766748,35.74606937101364,64.33761050076205,114.84978436940547,Wheat,0,Good
25.879802027613813,41.06474087156481,21.894152361630645,184.56874964172368,Corn,0,Good
38.35308284709033,63.70147474360568,13.398025707922294,93.5186266832618,Rice,0,Poor
33.52970580712419,30.831992789783957,45.10124862847871,39.37332130974085,Soybean,0,Good
